Guest,Character
Bobby Moynihan,Fagin Platt
Bobby Moynihan,Charles Barkley
Bobby Moynihan,Fourvel
Bobby Moynihan,Fryvault
Bobby Moynihan,Fourandahalfvel
Bobby Moynihan,Slow Pesci
Bobby Moynihan,Jen
Bobby Moynihan,Batman
Bobby Moynihan,Jonathan Biting
Lisa Gilroy,Nana Aukerman
Lisa Gilroy,Dickie Donnelly
Lisa Gilroy,Peanut Parton
Lisa Gilroy,Bethany Waterbottle
Lisa Gilroy,RumpleDimpleScream
Lisa Gilroy,Peonis Pilates
Lisa Gilroy,Elvis Presley
Lisa Gilroy,Pearl
Lisa Gilroy,Kyle Chutney
Lisa Gilroy,Cockroach Rick
Lisa Gilroy,Margo Tits
Lisa Gilroy,God
Mike Hanford,The Wacky Ding Dongs
Mike Hanford,The Monugents
Mike Hanford,Ducky Powell
Mike Hanford,Robbie
Mike Hanford,John Lennon
Mike Hanford,Alfie Kangas
Mike Hanford,Archie Butts
Mike Hanford,Ian Bean
Mike Hanford,Calvin Redding
Mike Hanford,Raymond Flapper
Mike Hanford,Peter Finn
Mike Hanford,Little Bump
Mike Hanford,Justin Hoffman
Mike Hanford,Ralph Slodge
Mike Hanford,Zoobi Condarino
Mike Hanford,Adjacent Mantzoukas
Mike Hanford,Dominic Weiss
Gil Ozeri,Len & Pam Bicell
Gil Ozeri,"Joe ""Pinions"" Rudolph"
Gil Ozeri,Sweatch
Gil Ozeri,Bane
Gil Ozeri,Jonathan Track
Gil Ozeri,Dr. Sweetchat the Small Talk Robot
Gil Ozeri,Irving and Gabriel Sardinas
Gil Ozeri,Ned Belanela
Gil Ozeri,Yargo Lamento
Gil Ozeri,Mike Stacker
Tatiana Maslany,Belissima
Tatiana Maslany,Chastity Aspen
Tatiana Maslany,Madildabelle Chastaman
Edi Patterson,Bean Dip
Edi Patterson,Deeana Bermuda
Carl Tart,The Old Timer
Carl Tart,Marvin Phelps
Carl Tart,The Chief
Carl Tart,MC Sugar Butt
Carl Tart,Bashford
Carl Tart,Larry Blackmon
Carl Tart,Appetizer PeeE Neur
Carl Tart,Trombone Shitty
Carl Tart,O. J. Simpson
Carl Tart,Harland Haywood
Carl Tart,Danny Diamonds
Carl Tart,Italiano Jones
Carl Tart,Roland Gift
Carl Tart,Heepe Moser
Carl Tart,Jerone Buckethat
Carl Tart,Orville Redenbacher
Carl Tart,Mr. Dash
Carl Tart,Charles Barkley
Carl Tart,Cleotis Martholobew
Carl Tart,Reverend Good Feeling
Carl Tart,Michael Jordan
Carl Tart,Sisqó
Carl Tart,Wheylunt Neely
Carl Tart,Snake Eyes
Carl Tart,The Crypt Keeper
Carl Tart,Shohei Ohtani
Carl Tart,The Pine-Sol Lady
Carl Tart,Lothario Lewis
Paul F. Tompkins,Cake Boss
Paul F. Tompkins,Ice-T
Paul F. Tompkins,Lord Andrew Lloyd Webber
Paul F. Tompkins,Garry Marshall
Paul F. Tompkins,Werner Herzog
Paul F. Tompkins,Huell Howser
Paul F. Tompkins,Mr. Brainwash
Paul F. Tompkins,John C. Reilly
Paul F. Tompkins,Danny Glover
Paul F. Tompkins,Richard Harrow's Ghost
Paul F. Tompkins,Michael Jackson's Ghost
Paul F. Tompkins,Alan Thicke
Paul F. Tompkins,JW Stillwater
Paul F. Tompkins,Mike the Janitor
Paul F. Tompkins,Len Wiseman
Paul F. Tompkins,K of the Cosmos
Paul F. Tompkins,Reverend Robert Parsimony
Paul F. Tompkins,Pie Minister
Paul F. Tompkins,Santa Claus
Paul F. Tompkins,Jarles
Paul F. Tompkins,Chin Dollhouse
Paul F. Tompkins,Chazmin
Paul F. Tompkins,Scarsdale
Paul F. Tompkins,Atherton Witherflower
Paul F. Tompkins,Matilda
Paul F. Tompkins,Devil Yeti
Paul F. Tompkins,Pierre
Paul F. Tompkins,The Contraptionaire
Paul F. Tompkins,Sam Elliott
Paul F. Tompkins,Cal Solomon
Paul F. Tompkins,Al A. Peterson
Paul F. Tompkins,Captain Chesley “Sully” Sullenberger
Paul F. Tompkins,Charles Dumpster
Paul F. Tompkins,Big Chunky Bubbles
Paul F. Tompkins,Kent Daarvilstaow
Paul F. Tompkins,Orph Bergentrack
Paul F. Tompkins,Mr. Met
Paul F. Tompkins,Mayor Junius Bobbledoonary
Paul F. Tompkins,Brock Lovett
Paul F. Tompkins,Emily Grandchildren
Paul F. Tompkins,Lavinia Marsh Caruthers
Paul F. Tompkins,Buttonwillow McKittrick
Paul F. Tompkins,Pat Hamptoncrat
Paul F. Tompkins,Alimony Tony
Paul F. Tompkins,Robert Chastman
Paul F. Tompkins,Ezekiel Craddock
Paul F. Tompkins,Tony Restaurantino
Paul F. Tompkins,Ned Kemper
Paul F. Tompkins,Red Kemper
Paul F. Tompkins,Dame Judi Dench
Paul F. Tompkins,Burnt Millipede
Paul F. Tompkins,Chejff Moser
Paul F. Tompkins,Jill Noll
Paul F. Tompkins,"Charlie ""Burgey"" Sullenberger"
Paul F. Tompkins,Bill Eikenberry
Paul F. Tompkins,Original Fig
Paul F. Tompkins,The Griz
Paul F. Tompkins,Gavin's Friend
Paul F. Tompkins,Little Joe Bardi
Paul F. Tompkins,Lorenzo Borgia
Paul F. Tompkins,Kevin Attenborough
Paul F. Tompkins,Shimmy
Paul F. Tompkins,Spike Minksalmon
Paul F. Tompkins,Obi Ron Kenobi
Paul F. Tompkins,Major Bob Driver
Paul F. Tompkins,Emile Gerard
Paul F. Tompkins,Ted Newguy
Paul F. Tompkins,Drew L. Barrymore
Paul F. Tompkins,Fred Guinness
Paul F. Tompkins,Abernathy Combs
Paul F. Tompkins,Dolores Brainwater
Paul F. Tompkins,Maribel
Paul F. Tompkins,Jonny Cochran
Paul F. Tompkins,Greg Nicotero
Paul F. Tompkins,Padre Davide Benvenuto
Erin Whitehead,Carol Sheldon
Erin Whitehead,Gale Burbiglia
Erin Whitehead,Chad Warren
Erin Whitehead,Elaine the Dragon
Erin Whitehead,Hyacinth Flagen
Erin Whitehead,Patty Pecker
Erin Whitehead,Janelle Jinx
Erin Whitehead,Girdle
Erin Whitehead,Stacy Buzzaba
Erin Whitehead,Ursula
Ryan Gaul,Ron Bieber
Ryan Gaul,Dean Unda
Ryan Gaul,Dr. Peter Fash
Ryan Gaul,Doug Gropes
Ryan Gaul,Beverly Gunt
Ryan Gaul,Detective James P. Garetty
Ryan Gaul,Norm Hamer
Ryan Gaul,Dr. Martinia Johansson
Ryan Gaul,Frederick Rogers
Ryan Gaul,Bisby St. Hancock
Ryan Gaul,Deanas Croc
Ryan Gaul,Randy H. Over
Ryan Gaul,Ichabod Gordy Bradbury
Ryan Gaul,Dickie Caroline's
Ryan Gaul,Gary Candles
Ryan Gaul,Darryl Who
Ryan Gaul,Candide Baxter
Ryan Gaul,Tobias Boothby
Ryan Gaul,Pudge
Ryan Gaul,Bernie Cutch
Christine Bullen,Myrtle McGee
Christine Bullen,Piper Adoggy
Christine Bullen,Fifinella
Christine Bullen,Misty Civic
Matt Besser,Frosty the Snowman
Matt Besser,Pope Benedict XVI
Matt Besser,Bjork
Matt Besser,Mark Zuckerberg
Matt Besser,Kanye East
Matt Besser,Taylor Slow
Matt Besser,Bennett Stephens
Matt Besser,King Henry VI
Matt Besser,Fred Phelps
Matt Besser,Martin Riley
Matt Besser,New dad
Matt Besser,Huanhuan the Olympic Mascot
Matt Besser,Michael Phelps
Matt Besser,Smaug
Matt Besser,Hooch the Mooch
Matt Besser,Paul Funyuns
Matt Besser,Chad Teaser
Matt Besser,LaMary
Matt Besser,Colin Ramsey
Matt Besser,Mick 4D
Matt Besser,Daniel Faraway
Matt Besser,Jackson Maine
Matt Besser,Olaf's Middle Part
Matt Besser,Roger Matthews
Ego Nwodim,Prince Chinedu
Ego Nwodim,Dorothy Charlessss
Ego Nwodim,Franklin
Ego Nwodim,Entrée PeeE Neur
Ego Nwodim,Darlington Cassel
Ego Nwodim,Willamina Wonka
Ego Nwodim,Noprah
Ego Nwodim,Judge Heaux Brown
Ego Nwodim,Tina Tiny
Ego Nwodim,Gollum
Ego Nwodim,Sharon
Ego Nwodim,Dairy Queen
Ego Nwodim,Tony Wyoming
Ego Nwodim,QuaranTina Turner
Ego Nwodim,Tricia Seawater
Ego Nwodim,Ana Conda
Ego Nwodim,The Kid Who Saw Mommy Kissing Santa Claus
Ego Nwodim,Mrs. Dash
Ego Nwodim,Charlotte Hornette
Ego Nwodim,Pastor Pasta
Ego Nwodim,Scapegoat Smith
Ego Nwodim,Bathina Salts
Ego Nwodim,The Neely
Ego Nwodim,Pearl Henderson
Ego Nwodim,Stormy Kirkland
Matt Apodaca,Albert Roe
Matt Apodaca,Jefferson Milkyway
Matt Apodaca,Buck Tango
Matt Apodaca,The Great Magna
Matt Apodaca,Dude Fiero
Matt Apodaca,Ricky Johnson
Matt Apodaca,Officer Marshal Sergeant
Matt Apodaca,Mr. Monster
Matt Apodaca,Ronnie Little
Matt Apodaca,Marcus Green
Peter Banifaz,Dr. Anthony Fauci
Peter Banifaz,Johnny Scat
Peter Banifaz,Michael Police
Lamar Woods,Carl Coaster
Lamar Woods,Carmine
Lamar Woods,Dre Wonka
Ben Rodgers,Bang Rodgers
Ben Rodgers,Jack Furz
Ben Rodgers,Chuck Plyman
Ben Rodgers,Rusell Karate
Ben Rodgers,Dar the Beast Master
Ben Rodgers,Dale Creamy
Ben Rodgers,Bud Frakely
Ben Rodgers,Jeoff
Ben Rodgers,Brooke Flagstaff
Ben Rodgers,Ernest Taylor
Ben Rodgers,Uncle Jellyfish
Ben Rodgers,Magnus Nootropic
Ryan Rosenberg,David
Ryan Rosenberg,Chris
Ryan Rosenberg,The Super Secret Shopper
Ryan Rosenberg,Petey Tweety
Ryan Rosenberg,Corey A.
Ryan Rosenberg,Spaghetti Capellini
Ryan Rosenberg,Mike
Ryan Rosenberg,Coach Billips
Ryan Rosenberg,Dusty
Ryan Rosenberg,Craig Zlist
Ryan Rosenberg,Donald Ump
Ryan Rosenberg,Dr. Crack
Ryan Rosenberg,Mr. Sing
Ryan Rosenberg,Mr. Body
Holly Laurent,Sherry Pie
Holly Laurent,Ruth Debevoise
Holly Laurent,Leanne
Holly Laurent,Day LaBont
Jason Mantzoukas,Gutterballs
Jason Mantzoukas,Kareem
Jason Mantzoukas,Jeffrey Characterwheaties
Jason Mantzoukas,The Dink Dink Man
Taran Killam,"Mark Johnson, Sr."
Taran Killam,Curiosity Mars Rover
Taran Killam,Bever Hopox
Taran Killam,Bad Daddy Vlad
Taran Killam,Bryce Cripple
Taran Killam,Zach Swasson
Taran Killam,Marinka Oligarch
Taran Killam,Quita Baxter
Paul Brittain,Lon Smudge
Paul Brittain,Chico Hands
Paul Brittain,"Michael Explosione, Sr."
Paul Brittain,"Michael Explosione, Jr."
Paul Brittain,Steve Explosione
Paul Brittain,Fitch Pender
Paul Brittain,Ahmad
Paul Brittain,Tob Handlez
Paul Brittain,Dr. Brian Blouse
Paul Brittain,Richard Bunn
Paul Brittain,Tanya Baxter
Lily Sullivan,Kayla Dickie
Lily Sullivan,Bicky
Lily Sullivan,Donna Sticks
Lily Sullivan,Yogi Gussy
Lily Sullivan,Virginia Patricia
Lily Sullivan,Tracy M.
Lily Sullivan,Shannon
Lily Sullivan,Sabrina
Lily Sullivan,Francesca Bolognese
Lily Sullivan,Amber Lee Tots
Lily Sullivan,Trish Maxwell
Lily Sullivan,Nookie
Lily Sullivan,Diana Deep
Lily Sullivan,Lindsay McMulligan
Lily Sullivan,Carissa
Lily Sullivan,Harper L. Cosmopolitan
Lily Sullivan,Sammy Samantha
Lily Sullivan,Lena Dunne Homme
Lily Sullivan,Anaheim Dumpsterbitch
Lily Sullivan,Bridget Jones
Lily Sullivan,Tyra Grass
Lily Sullivan,Chippy Dipps
Lily Sullivan,Sister Margaret
Lily Sullivan,Tony Sony
Lily Sullivan,Cher
Dan Lippert,Dr. Frankie Beans
Dan Lippert,Carl
Dan Lippert,Luke
Dan Lippert,Seth Berkowitz
Dan Lippert,Sethry Dahmer
Dan Lippert,Conroy
Dan Lippert,Maximilian McSillystein
Dan Lippert,Shemp A.
Dan Lippert,Burgey Sullenberger
Dan Lippert,Bill Walton
Dan Lippert,Frankenstein
Dan Lippert,Mark Patsy
Dan Lippert,Big Charlie Bardi
Dan Lippert,Ian Appaloosa
Dan Lippert,Michael Lindsay-Hogg
Dan Lippert,Superman
Dan Lippert,Todd Padre
Dan Lippert,Lloyd Garterbelt
Dan Lippert,Rick Rubin
Dan Lippert,Dr. Marty Goldstein
Dan Lippert,Matthew Zimmerman
Hannah Pilkes,Susan Christmas
Hannah Pilkes,Brett
Hannah Pilkes,Chutney C. Rabbits
Casey Feigh,Weed Seinfeld
Casey Feigh,Officer Dreary
Casey Feigh,Young Scott Aukerman
Casey Feigh,Joey Salsa
Casey Feigh,Weed Foxworthy
Casey Feigh,Donk Poop
Casey Feigh,Bob Feigh
Jessica McKenna,Beth
Jessica McKenna,This Is Your Boy Troy
Jessica McKenna,Margery Kershaw
Jessica McKenna,Dagmar the Small
Jessica McKenna,Sissy Montgomery
Jessica McKenna,Barry Big
Jessica McKenna,Phil Shorts
Jessica McKenna,Killiam
Jessica McKenna,Get In The Way Gremlin
Jessica McKenna,Sherry Barrels
Jessica McKenna,Chrysanthemum Trummers
Jessica McKenna,Harry Styles
Jessica McKenna,Filomena Trappp
Jessica McKenna,Liz Feigh
Connor Ratliff,George Lucas
Connor Ratliff,James Cameron
Connor Ratliff,Mr. Books
Griffin Newman,Skints McGlinty
Griffin Newman,Jake Sully
Griffin Newman,CJTETHEMAN9888_UNLIMITED
Griffin Newman,Silver Screen Sammy
Andy Daly,Danny Mahoney
Andy Daly,August Lindt
Andy Daly,Cactus Tony
Andy Daly,Chip Gardner
Andy Daly,Dalton Wilcox
Andy Daly,Don DiMello
Andy Daly,Ben Alterman
Andy Daly,Hot Dog
Andy Daly,Bill Carter
Andy Daly,Patrick McMahon
Andy Daly,Byron Denniston
Andy Daly,Shooter
Andy Daly,Clive Dundee
Andy Daly,Andi Callahan
Andy Daly,Jack Fitzgerald
Andy Daly,Gil & Golly
Andy Daly,Jean Claude Pepi
Andy Daly,Joe Bongo
Andy Daly,Neptuna
Andy Daly,Cameron McGonigle
Vic Michaelis,Susie Tewman
Vic Michaelis,Morgan Weeston-Smythe
Vic Michaelis,Willadeene Marie Bates
Vic Michaelis,Emma Simon Knee-Keller
Vic Michaelis,Oopsie Spider-Man
Vic Michaelis,Taylor Stephanie
Vic Michaelis,Quiet the Mime
Vic Michaelis,Terry Alamander
Vic Michaelis,Tinselina the Green Fairy
Charlie McCrackin,Cordwood Pete Bunyan
Charlie McCrackin,Mr. Gunlock
Jon Gabrus,Gino Lombardo
Jon Gabrus,Lord Denethor
Jon Gabrus,Geoff
Erin Keif,Matilda Gravyman
Erin Keif,Macy Hannigan
Erin Keif,Candle St. Louis
Erin Keif,Criss Angel
Greg Hess,Jim Bolt
Greg Hess,Glen Plapinger
Greg Hess,Benny Sands
Greg Hess,Benmont Bologna
Alex Fernie,Daniel Kolodjiez
Alex Fernie,Doug
Ben Schwartz,Markis Quiddlebit
Ben Schwartz,Leonard Stooltap
Ben Schwartz,Jack Pot
Ben Schwartz,Squawks
Ben Schwartz,Bill Rantin
Ben Schwartz,Genzer Smartz
Ben Schwartz,Chaniel Leftrowbottom
Ben Schwartz,Bobby Knuts
Ben Schwartz,Dr. Sturgeon the Rock n Roll Surgeon
Ben Schwartz,Yohan Breitbark
Ben Schwartz,Sean Lantern-Phil
Mary Holland,Dreama Peaches
Mary Holland,Margie Donk
Mary Holland,Trabitha Tarteen
Mary Holland,Helen Harpie
Mary Holland,Peony Flagen
Mary Holland,Linda Gravel
Mary Holland,Lisa Taco
Mary Holland,Janice Cramps
Mary Holland,Brandon Potter
Mary Holland,Gwendolyn Speck
Mary Holland,Chucky Spliff
Mary Holland,Jennifer Spot
Mary Holland,Tommy Scuzz
Mary Holland,Frida Corpse
Mary Holland,Debbie Creepy
Mary Holland,Eugenia Wobbles
Mary Holland,Prudence Farth
Mary Holland,Sarah Lastnum
Mary Holland,Francis Stork
Mary Holland,Crapy the Reindeer
Mary Holland,Haney Dilf
Mary Holland,Barb Nuts
Mary Holland,Delia Totebag
Eugene Cordero,Jazz Jazz the Barber
Eugene Cordero,Tito Ben
Eugene Cordero,R.J. Rise
Eugene Cordero,D'Artagnan Bergentrack
Eugene Cordero,Berry
Eugene Cordero,Veronica
Tim Baltz,Don Darling
Tim Baltz,Randy Snutz
Tim Baltz,Olivier Wronge
Tim Baltz,Ron Petty
Tim Baltz,Nathan Hershey
Tim Baltz,Guy Le Biscuit
Tim Baltz,Skipp Dribbles
Tim Baltz,Kyle Bennet
Tim Baltz,Tom Boreman
Tim Baltz,Ron Urbansky
Tim Baltz,Jonathan Woodley
Tim Baltz,Burt Riley
Tim Baltz,Jackenzie Bergentrack
Tim Baltz,Jason Turley
Tim Baltz,Daenas Croc
Tim Baltz,Jud Wiebe
Tim Baltz,Darren Matichek
Tim Baltz,Antonio Lambrinidis
Tim Baltz,Joel Spanaducci
Tim Baltz,Pastor Peter Pool Boy
Tim Baltz,Tootie
Tim Baltz,Maurice Flatbottom
Tim Baltz,Richie Castlebaum
Tim Baltz,Harry Footman
Shaun Diston,Carl Smart
Shaun Diston,Rudi North
Shaun Diston,Leo Williams
Shaun Diston,Devin O'Shea
Shaun Diston,Sprague The Whisperer
Shaun Diston,Judy North
Shaun Diston,Little Tony Diamonds
Shaun Diston,Brady
Shaun Diston,Bullets Jackson
Shaun Diston,Mike Ruby
Shaun Diston,McGruff the Crime Dog
Shaun Diston,Garry the Gardener
Shaun Diston,Franky Flush
Shaun Diston,Frank Wonderbread
Shaun Diston,Tony Nails
Shaun Diston,Crenshaw
Shaun Diston,Jeffy McSaturday
Drew Tarver,Terry Burkhalter
Drew Tarver,Randy Travels
Drew Tarver,Craig Bieber
Drew Tarver,Wiliger Wronge
Drew Tarver,Donny Gary
Drew Tarver,Crap Pollo
Drew Tarver,Little Dammit Man
Drew Tarver,Mr. Manners
Drew Tarver,Trish Trasch
Drew Tarver,David
Drew Tarver,Keith Jones
Drew Tarver,Curtis
Drew Tarver,Kenneth Rogers
Drew Tarver,Trey Bergentrack
Drew Tarver,Derek Contrera
Drew Tarver,Jake
Drew Tarver,Josh Fox
Drew Tarver,Martin Sheffield Lickly
Drew Tarver,Matthew
Drew Tarver,Fred Head
Drew Tarver,Brantley Aldean
Drew Tarver,Tater
Drew Tarver,Roger Peculiar
Drew Tarver,Henry Heimlich
Drew Tarver,Jeff
Drew Tarver,Ike Minksalmon
Drew Tarver,Sawyer Junior
Drew Tarver,Clam
Drew Tarver,Jesse
Will Hines,Qthor
Will Hines,Markis Campbell
Will Hines,Jacob Cloudy
Will Hines,Dusty Stevens
Will Hines,Clayton Purdy
Will Hines,David Bunting
Will Hines,Brock Stone
Will Hines,Matt Knight
Will Hines,Jack Sparks
Will Hines,Frosty the Snowman
Will Hines,Johnny Bikes
Will Hines,"Morpheus, The Dream Lord"
Will Hines,Bones McGrill
Will Hines,Joe Squib
Will Hines,Hypnoto the Mesmerist
Will Hines,Idaho
Will Hines,Rupert Sharp
Will Hines,Randy Useless
Will Hines,Louis Green
Will Hines,Lester Gayle
Will Hines,Stanley Chamberlin
Will Hines,Lester Brads
Will Hines,Buck Reilly
Will Hines,Barry Sams
Will Hines,Ruben Stone
Will Hines,Gary the Robot
Will Hines,Andy Manders
Will Hines,Henry Sames
Will Hines,Brent Finley
Will Hines,Bennett Quints
Will Hines,Jonas Kings
Will Hines,Thomas Mashed-Potatoes
Will Hines,Keith Stanley
Will Hines,Hughie Chism
Will Hines,Henry
Will Hines,Bill Smither
Will Hines,Anniversary Man the Demon
Will Hines,Kenny Kicks
Will Hines,Kurt Slammer
Will Hines,Harvey the Devil
Will Hines,The Bronze Boogie Boarder
Dave Theune,Robby Delmuda
Dave Theune,Ernie Schrempf
Dave Theune,Dean Hormel
Dave Theune,Tam Pasture
Dave Theune,Mirk
Jacob Wysocki,Griff Hedgley
Jacob Wysocki,Tommy the Green Power Ranger
Jacob Wysocki,Barry Bunbuster Barryball
Jacob Wysocki,Mr. Toots
Jacob Wysocki,COOTER
Jacob Wysocki,Marty Motorcycle
Jacob Wysocki,Gunk Little
Jacob Wysocki,Jack UCLA
Jacob Wysocki,RJ Dudley
Allison Dunbar,Rhonda Batuchi
John Early,Tricia R.
Mitra Jouhari,Andi
Mitra Jouhari,Leila
Mitra Jouhari,Casey
Mitra Jouhari,Angelina Leviosa
Amanda Lund,Codi
Amanda Lund,Marabel May
Chelsea Peretti,Tired Lady
Chelsea Peretti,Claire
Chelsea Peretti,Curious Latina
Chelsea Peretti,Kaslida Andrews
Chelsea Peretti,Cheri Oteri
Chelsea Peretti,Fire Marshal Betty
James Mannion,Alan Stubbs
James Mannion,Chris Orchard
James Mannion,Ryan Headboard
James Mannion,Robert Canasta
James Mannion,Micah Fellows
Jon Hamm,El Chupacabro
Paul Rust,Cal Shipsby
Paul Rust,Jerry Jimson
Paul Rust,Leo Carnell
Paul Rust,The Bachelor Brothers
Paul Rust,Dr. Traygo
Paul Rust,Mama Bread
Paul Rust,Clev
Paul Rust,Cecil Sotheby
Paul Rust,AJ Zap
Betsy Sodaro,Voda the Gypsy
Betsy Sodaro,Mrs. Potts
Betsy Sodaro,Nancy K
Betsy Sodaro,The Watch Maker
Betsy Sodaro,Cherry the C.H.U.D.
Betsy Sodaro,Charlotte
Betsy Sodaro,Queen Cleopatra
Betsy Sodaro,Icky Spice
Betsy Sodaro,Little Debbie
Betsy Sodaro,Selma
Mano Agapion,Jergen Tavikya
Mano Agapion,Blair
Devin Field,Ron Snapper
Devin Field,Jack Persimmons
Devin Field,Steve Spinx
Devin Field,David Lynch
Matt Gourley,Grandma Jonesy
Matt Gourley,H.R. Giger
Matt Gourley,Ian Fleming
Matt Gourley,Professor Stillwater
Matt Gourley,Danielle Steel
Matt Gourley,Irvin Kershner
Matt Gourley,Ted Kemper
Matt Gourley,Jed Kemper
Matt Gourley,Mutt Taylor
Matt Gourley,P.A.I.G.E.
Matt Gourley,Cody
Katie Rich,JoJo Benassi
Katie Rich,Deb Tunt
Katie Rich,Connie Depandi
Katie Rich,Marge Filipowski
Katie Rich,Leia
Katie Rich,Janet
Bob Odenkirk,The Monugents
Bob Odenkirk,Saul Goodman
Bob Odenkirk,Thor Silverblatt
Heather Anne Campbell,Cynthia Blake
Heather Anne Campbell,Grance Prebs
Heather Anne Campbell,Telli Charcuterie
Dan O'Connor,Ian Chiswick
Jack Quaid,Dr. John
Jack Quaid,Dash Griswold
Jack Quaid,Thurl Ravenscroft
Jack Quaid,Greg
Tawny Newsome,Margita Chelco
Tawny Newsome,Ydeda Elaine Brown
Tawny Newsome,Gary Urbansky
Tawny Newsome,Rauro Riley
Tawny Newsome,Kim Bega
Tawny Newsome,The Rum Tum Tugger
Tawny Newsome,eDream Vignette
Tawny Newsome,Hekla Jonsdottir
Tawny Newsome,Jim the Shim
Tawny Newsome,Auntie Renee
Tawny Newsome,Genevieve Smartz
Tawny Newsome,Cast Iron
Tawny Newsome,Billa Beth
Tawny Newsome,Tierna Smarg
Tawny Newsome,Brigadoon
John Hartman,Ken Lunch
James Austin Johnson,Donald Trump
James Austin Johnson,Bobby Flay
James Austin Johnson,VAAMM
Ele Woods,Dina Dennis
Ele Woods,Sophie Purell
Ele Woods,Amber Bolt
Ele Woods,Maximo Tootie
Ele Woods,Young Miss Willow Panloose
Ify Nwadiwe,Gregory Smith
Ify Nwadiwe,Xzibit
Ify Nwadiwe,Shadow Vision
Neil Campbell,Dr. Nathan Morrow
Neil Campbell,Pimsy the Elf
Neil Campbell,Jerry
Neil Campbell,Ebesneezer Scrooge
Neil Campbell,Rick Faber
Neil Campbell,Cam Billmoth
Neil Campbell,Rep. Buford Dorsey
Neil Campbell,The Monugents
Neil Campbell,The Bachelor Brothers
Neil Campbell,Percy Perryweather
Neil Campbell,Logan Conley
Neil Campbell,Winsome Prejudice
Neil Campbell,Brian Barber
Neil Campbell,Denver Coward
Neil Campbell,The Time Keeper
Neil Campbell,Pam Steensma
Neil Campbell,Wally Cobb
Neil Campbell,Larry the Loner
Neil Campbell,Ernie Bread
Neil Campbell,Mr. Bread
Neil Campbell,Mr. Fastidious
Neil Campbell,Gary
Neil Campbell,Alister Brown
Neil Campbell,The Answer Seeker
Neil Campbell,Dirty Dog
Neil Campbell,Noel
Nick Kroll,El Chupacabra
Nick Kroll,Bobby Bottleservice
Nick Kroll,Fabrice Fabrice
Nick Kroll,Gil Faizon
Nick Kroll,Chance the Slam Poet
Nick Kroll,Vinny
Nick Kroll,Toph Shay
Nick Kroll,Erma
Nick Kroll,Liz
Nick Kroll,C-Czar
Nick Kroll,Sylvester Stallone
Nick Kroll,R. Schrift
Nick Kroll,The Mailer Daemon
Nick Kroll,Live Taylor
Nick Kroll,Dr. Conrad Murray
Nick Kroll,Lang Armstrong
Nick Kroll,Sergei
Nick Kroll,Timmy
John Gemberling,Winnie the Whiny Baby
John Gemberling,Pastor Rhe Holner
John Gemberling,HP-DP-69B
John Gemberling,Ton Liman
John Gemberling,Tom Jimson
John Gemberling,Jean Rottenberry
John Gemberling,Mart
John Gemberling,Gracie Allen
John Gemberling,Patricia Primm
John Gemberling,Erupt
John Gemberling,Chitter Chitter Cluck Click
John Gemberling,Robert Whistler
John Gemberling,Winston Carmel
John Gemberling,Mutty Brickford
John Gemberling,Korbato Krim
Suzi Barrett,Lane Driver
Suzi Barrett,Uggams the Potato
Suzi Barrett,Mariska Beenaboutta
Suzi Barrett,Ellen Norton-Simon Harris-Finley Finister
Suzi Barrett,Destiny
Sean Clements,Rich Mind Vain
Dan Ahdoot,Tebow Lebow
Dan Ahdoot,Felix Heist
Dan Ahdoot,Juan
Dan Ahdoot,Gobo Bergentrack
Adam Scott,Brian Pieces
Adam Scott,Gerry
Adam Scott,Judge Ito
Adam Scott,Blaze
Adam Scott,John Shantally
Adam Scott,Jason Vorges
Adam Scott,Evan
Adam Scott,Lord Shitqueef
Broden Kelly,Mr. Monroe
Broden Kelly,Australian Dad on a Holiday
Zachary Ruane,Mario
Zachary Ruane,American Jimmy
Mark Bonanno,Salvatore Michelangelo
Mark Bonanno,Silly Boy
David Wain,Phineas T. Johnson
Ike Barinholtz,JT McDowell
Ike Barinholtz,Gary Filipowski
Lauren Lapkus,Traci Reardon
Lauren Lapkus,Todd
Lauren Lapkus,Tracy
Lauren Lapkus,Diane
Lauren Lapkus,Regina Crimp
Lauren Lapkus,Mizz Chips
Lauren Lapkus,Liz Mathers
Lauren Lapkus,Marla Charles
Lauren Lapkus,Ho Ho the Elf
Lauren Lapkus,Benjamin Susix III
Lauren Lapkus,Hortense Harpie
Lauren Lapkus,Murphy O'Malaman
Lauren Lapkus,Juniper Flagen
Lauren Lapkus,Sunny
Lauren Lapkus,Scarsdale
Lauren Lapkus,Salantame
Lauren Lapkus,Big Sue
Lauren Lapkus,Dimples
Lauren Lapkus,Mrs. Blarrr
Lauren Lapkus,Frank Dorito
Lauren Lapkus,Amanda Calzone
Lauren Lapkus,Natalie Scoppapoppalee
Lauren Lapkus,Whitney Peeps
Lauren Lapkus,Lisa Porsche
Lauren Lapkus,Harmony Moongloss
Lauren Lapkus,Craigory James
Lauren Lapkus,Pamela from Big Bear
Lauren Lapkus,Dinky Liddle
Lauren Lapkus,Carmella Pointe
Lauren Lapkus,Wendy Quote The Worm Endquote Widelman
Lauren Lapkus,The Dell Guy
Lauren Lapkus,Ross Geller
Lauren Lapkus,P'Nut
Lauren Lapkus,Bunty Pickles
Lauren Lapkus,Vernessa Lykes
Lauren Lapkus,Dump Dump
Lauren Lapkus,Waldo
Lauren Lapkus,Dirk Thirsty
Lauren Lapkus,Scat Hamptoncrat
Lauren Lapkus,Brendin' Fishin'
Lauren Lapkus,Lucille Restaurantino
Lauren Lapkus,Clint Screams
Lauren Lapkus,Shelton Bung
Lauren Lapkus,Shaden Gallbreath
Lauren Lapkus,Carmine DeLonge
Lauren Lapkus,Cabin Fevver
Kristian Bruun,Phil Collins
Kristian Bruun,Andrew Dice Clay
Kristian Bruun,Branston Chastman
Kristian Bruun,Mary Ford
Seth Morris,Todd Wickey
Seth Morris,Nathan Brantley
Seth Morris,Bob Ducca
Seth Morris,"Hank Williams, Jr."
Seth Morris,Ozzie Patinkin
Seth Morris,Lou Ciello
Seth Morris,Andy Pappage
Seth Morris,Dr. Lionel Drioche
Seth Morris,Ms. Anderson
Seth Morris,Arnold Clem
Seth Morris,Sebastian Yadagascar
Seth Morris,Josh Yadegar
Seth Morris,Clovis Mandrake
Nick Wiger,Leo Karpatze
Monika Smith,Bob Parks
Monika Smith,Baby Boy Boy
Monika Smith,Ethel B. Dumphrey
Monika Smith,Harvey the Truth Seeker
Caitlin Reilly,Lucy Bukater
Howard Kremer,Sloppy Timmy Slotzman
Howard Kremer,Big Jim Slotzman
Howard Kremer,Bobby Jenson
Adam Pally,Bro
Adam Pally,David Fiene
Adam Pally,Johnny Depp
Jon Daly,Barry R
Jon Daly,Bill Cosby-Bukowski
Jon Daly,Sappity Tappity
Jon Daly,Mall McCartney
Jon Daly,Bueford LeBaron
Jon Daly,John Daly
Jon Daly,Kelsey Grammer/Dr. Frasier Boss
Jon Daly,Frasier Fonzie
Jon Daly,Matt Yanni
Jon Daly,Papa Johns Misty
Jon Daly,Stephen Road
Ronnie Adrian,The Clock Facer
Ronnie Adrian,"Bertrand ""Sweet Sauce"" Gilmore"
Ronnie Adrian,Perry Gordon
Ronnie Adrian,Jack Lusty
Zac Oyama,Kenny Takahashi
Zac Oyama,Chase Varner
Zac Oyama,Keantwo Reeves
Zac Oyama,Denny Simpson
Zac Oyama,Mr. Camp
Zac Oyama,Topher Schmidty
Zac Oyama,Douglas Speaker
Zac Oyama,Tim Bullock
Brad Evans,Murf
Brad Evans,Kelvin
Nick Ciarelli,Dirt
Nick Ciarelli,Travis
Natasha Leggero,Maude
D'Arcy Carden,Caroline BelindaCarlisle
D'Arcy Carden,Dino and Shame
D'Arcy Carden,Augie Augerman
D'Arcy Carden,Chris Starbo
Lennon Parham,Miss Listler
Lennon Parham,Forsythia
Lennon Parham,Ethel Branscome
Lennon Parham,Kimmy
Lennon Parham,Philippe Meloco
Lennon Parham,Barbra Streisand
Lennon Parham,Dr. Helma Plinkton
Madeline Walter,Wanda Dumps
Madeline Walter,Pam Carton
Madeline Walter,Charles Manson
Madeline Walter,Mary Berry
Madeline Walter,Nance
Madeline Walter,Linda Watermark
Madeline Walter,Tina
Madeline Walter,Brenda Tattletale
Madeline Walter,Eileen Dogg
Joe Wengert,Shelby Orangina
Joe Wengert,Arthur Steinborn
Joe Wengert,Mr. G
Joe Wengert,Brad Hammerstone
Joe Wengert,Russ
Joe Wengert,Dr. Jerry Pensacola
Joe Wengert,Doug Doyzoice
Joe Wengert,Frank Frank
Joe Wengert,Cody Calavera
Joe Wengert,Angel Coliciwo
Joe Wengert,Roman D’O’Grots
Joe Wengert,Coach Joel GanVundi
Joe Wengert,Joe Kupso
Joe Wengert,"Grax, Eater of Worlds"
Joe Wengert,JP Fossord
Joe Wengert,Dr. Kevin Kenwait
Raiza Licea,Yaslenny Madelin
Raiza Licea,Phoebe Chi Chi Roo
Jacquis Neal,Bishop R.L. Bakes
Jacquis Neal,Jacquis Robinson
Jacquis Neal,Justin the Pickup Artist
Zeke Nicholson,Bone Queef (B.Q.)
Zeke Nicholson,Dr. Green
Zeke Nicholson,Pants the Rapper
Zeke Nicholson,Kiwi Kris
Zeke Nicholson,Raul DeLaMancha
Zeke Nicholson,Peter Griffin
Zeke Nicholson,Étouffée
Katie Dippold,Dr. Yvette Victor
Joey Greer,Mickey Babyboy
Edgar Momplaisir,Dr. Chet Mariongello
Edgar Momplaisir,Leonard Jonas
Edgar Momplaisir,Jerry Major
Edgar Momplaisir,Mack Attack
Sasheer Zamata,Tyler Wiffle
Sasheer Zamata,Dina the Dinosaur
Janet Varney,Carly
Holly Prazoff,Susan Greenberg
Holly Prazoff,Mary Lisa
Holly Prazoff,Melissa
Casey Wilson,Julie Penzmere
Casey Wilson,Janelle & Jolene Johnson
Casey Wilson,Jenfer Beudon
Mike Mitchell,The Wacky Ding Dongs
Mike Mitchell,The Tab Guys
Mike Mitchell,BB-8
Jessica Jean Jardine,The Sun Dialer
Jessica Jean Jardine,Wolfgang Puck
Nicole Parker,Celine Dion
Nicole Parker,Joan Pedestrian
Zach Reino,Lord Dingle
Zach Reino,Dash Grabum
Zach Reino,Eli Fuseli
Zach Reino,Gareth Cloakman
Kaitlyn Tanimoto,Mary Jane Kim
Thomas Lennon,Lil' Gary
Thomas Lennon,Chris Mindy
Rob Huebel,Officer Dick Butterfield
Rob Huebel,Dick Butterfield
Jay Pichardo,Carmella Areola
Kulap Vilaysack,Gishel Bergentrack
Lyric Lewis,'Shell
Horatio Sanz,Victor Ramos
Horatio Sanz,Shelly Driftwood
Horatio Sanz,Joe France's
Horatio Sanz,Chico Davis
Horatio Sanz,Wesley Treehawk
Horatio Sanz,Coco Marx
Horatio Sanz,Aaron Neville
Horatio Sanz,Barzelona Marriott
Horatio Sanz,Dante
Horatio Sanz,Ramsey Wayne
Horatio Sanz,Uncle Stoney
Horatio Sanz,Jacob Brooks
Horatio Sanz,Kanye West
Horatio Sanz,Skip Garcia
Horatio Sanz,Ted Ronson
Horatio Sanz,Barney Schwarts
Horatio Sanz,Dr. Bill Phil
Horatio Sanz,Dr. Julius Jackson
Horatio Sanz,Gringo Starr
Horatio Sanz,"Johnny ""Delta"" Johnson"
Horatio Sanz,Cooper F. Worthington-Tompkins
Horatio Sanz,Peppers McGilly
Horatio Sanz,Big One
Horatio Sanz,Johnny Salese
Horatio Sanz,Chris Grezlik
Horatio Sanz,Piggy Sorebacks
Horatio Sanz,Skip Weller
Natalie Palamides,Billy Neville
Natalie Palamides,Ghost Mother
Natalie Palamides,Shaliyah
Natalie Palamides,Nikki Sixx
Jon Mackey,Lou
Jon Mackey,Billy
Jon Mackey,Jimmy-Bug Brickhouse
Jon Mackey,Wade Boggs
Thomas Middleditch,Joey Tortellini
Thomas Middleditch,'China'
Thomas Middleditch,Klaus Schneider
Thomas Middleditch,JJ O'Malaman
Thomas Middleditch,Turd Dunkweed
Thomas Middleditch,Edmond Carlyle
Thomas Middleditch,Alan Buchanan
Thomas Middleditch,Don Donaldson
Thomas Middleditch,Dong Pac
Thomas Middleditch,Janine Blackwell
Thomas Middleditch,Mitch Slocum
Thomas Middleditch,Slippy Daniels
Thomas Middleditch,Lyle Cummings
Thomas Middleditch,Brody Broderson
Thomas Middleditch,Big Dog
Thomas Middleditch,Kaitlin
Thomas Middleditch,Chauncey Pippins
Thomas Middleditch,Captain Littlemember
Thomas Middleditch,Still Tantin
Thomas Middleditch,Gino Carpuzzi
Brian Jordan Alvarez,Emil
Eliza Skinner,Angelica Trashmouth
Eliza Skinner,Lindsey Cumdrop
Mike O'Brien,Zin Bradley
Mike O'Brien,Chris Dante
Mike O'Brien,Kelly Burton
Mike O'Brien,Bob Wessex
Mary Sohn,Pam Tran
Mary Sohn,Nancy Yi
Mary Sohn,Bob Cat
Mary Sohn,Nadine Funts
Mary Sohn,Deb
Mary Sohn,Cherilyn Wessex
June Diane Raphael,Cathy McDowell
June Diane Raphael,Janelle & Jolene Johnson
Tim Kalpakis,The Wacky Ding Dongs
Tim Kalpakis,The Tab Guys
Tim Kalpakis,The Time Master
Tim Kalpakis,Tony B.
Tim Kalpakis,The Monugents
Tim Kalpakis,Dr. Olivia Slodge
Jefferson Dutton,The Wacky Ding Dongs
Heidi Gardner,Tracy Evigan
Heidi Gardner,Hellen Klinch
Heidi Gardner,Erica
Heidi Gardner,Leanne Mutch
Rory Scovel,Ranger Steve
Rory Scovel,Jasky Tasky
Rory Scovel,Chester Tumphrie
Maria Bamford,Jazz Martin
Maria Bamford,Amy Sleeverson
Mike Castle,Gigantic Dan
Brandon Scott Jones,Chris Starbo
Niccole Thurman,Crystal Del Rey Jenner
Jonathan Braylock,George Washington Carver
Jerah Milligan,Lusciously
James III,Marcus Tanner
Rekha Shankar,Giuseppe Spaghetti
Jimmy Fowlie,Chris Creen
Jiavani Linayao,The Artful Dodger
Jiavani Linayao,Carter Meza
Jocelyn DeBoer,Bitsy Boo-Carmichael
Jocelyn DeBoer,Delna
Laci Mosley,Tayleigh Lopez
Anthony King,Liberty DeVito
Anthony King,Phil Wiggins
Dhruv Uday Singh,Samir Chakraborty
Dhruv Uday Singh,Lin-Manuel Miranda
Dhruv Uday Singh,Allen Woody
Dhruv Uday Singh,Art Ketel One
Kirby Howell-Baptiste,Angeylinaaa
Kirby Howell-Baptiste,Cicilia Chastaman
Lauren Ashley Smith,Liza Farrington
Oscar Montoya,Sam Poppers
Tim Heidecker,Nick Nolte
Tim Heidecker,Elton John
Tim Heidecker,George Burns
Brendon Small,Captain Moustache
Brendon Small,Victor Diamond
Brendon Small,Tiny
Brendon Small,Bernie Fretts
Brendon Small,"Willard ""Willy"" Mapleton"
Jessica St. Clair,Marissa Wompler
James Adomian,Jesse Ventura
James Adomian,Christopher Hitchens
James Adomian,Pat Buchanan
James Adomian,Gary Busey
James Adomian,Huell Howser
James Adomian,Merrill Shindler
James Adomian,Paul Giamatti
James Adomian,Philip Seymour Hoffman
James Adomian,Gordon Ramsay
James Adomian,Alan Rickman
James Adomian,Orson Welles' Ghost
James Adomian,Dov Charney
James Adomian,Dr. Bronner
James Adomian,Tom Leykis
James Adomian,George Zimmer
James Adomian,Russell Crowe
James Adomian,Maximilian Blanc
James Adomian,The Sheriff of Nottingham
James Adomian,George W. Bush
James Adomian,Slavoj Zizek
James Adomian,Bernie Sanders
James Adomian,Falkor
James Adomian,Chris Matthews
James Adomian,Winston Churchill
James Adomian,Sebastian Gorka
Paul Scheer,Jim Pipe
Paul Scheer,Richard Dalton
Paul Scheer,J. Montgomery Scott
Paul Scheer,Truck Bastien
Paul Scheer,Kylie Bloom
Paul Scheer,Bob Cage
Paul Scheer,Scott Jeffries
Paul Scheer,Bill Diesel
Paul Scheer,Frank Stallone
Paul Scheer,Banksy
Paul Scheer,Rickster
Paul Scheer,Ric Bic
Paul Scheer,Tyren Bigsby
Paul Scheer,C.S. Steers
Paul Scheer,Chip Garvey
Courtney Pauroso,Conchneee
Courtney Pauroso,Nikki Seven
Alison Rich,Inés Blarfi
Alison Rich,Brian Credit
Alison Rich,Tina Danish
Alison Rich,Will Crowe
Alison Rich,Margarite Shoes
Alison Rich,Mathilda Primble
Alyssa Limperis,Mother
Andrea Savage,Veronica
Andrea Savage,Ivanka Silversan
Colton Dunn,Devon Westinghouse
Matt Walsh,James McDowell
Matt Walsh,Stash Polinyac
Matt Walsh,XJR&
Matt Walsh,Corny Grandpa
Matt Walsh,Maximilian Lugner
Mary Scheer,Doreen Blachly
Alana Johnston,Cam Paxton
Alana Johnston,Chandeline Jean
Alana Johnston,Diane Templeton
Brian Huskey,Paul Luzak
Brian Huskey,Glenn Maxx
Brian Huskey,Seth Wompler
Brian Huskey,Queth Wompler
Brian Huskey,Dr. Hiro Tokyo
Brian Huskey,Gustav Dudamel
Brian Huskey,Vance H.
John Mulaney,George St. Geegland
John Mulaney,Ethan Coen
Jeremy Rowley,Ming
Jeremy Rowley,Mark
Jeremy Rowley,Kole Kringle
Nicole Byer,Becky
Marques Ray,Danny Trejo Jr.
Brett Gelman,Messmore LeBaron
Brett Gelman,James Gandolfini
Brett Gelman,Billy Crystal
Allan McLeod,Ghost Boy
Allan McLeod,Caine Sherman
Caroline Anderson,Hauntettes
Caroline Anderson,Scaroline
Tig Notaro,Good One Robot
Tig Notaro,Molly's Mother
Jordan Black,Toluca Graves
Jordan Black,Vernita Wyatt
Jordan Black,Testarossa Manigault
Kyle Mooney,Chris Fitzpatrick
Fran Gillespie,Pammy Bixby
Fran Gillespie,Missy Prejudice
Fran Gillespie,Marco
Fran Gillespie,Tommy
Fran Gillespie,Rosie Jipps
Mandell Maughan,Stacey Keeks
Mandell Maughan,Janice Bullhorn
Mandell Maughan,Mackenzie Bergentrack
Kate Berlant,Greg Kerns
Kate Berlant,Daniel
Kate Berlant,Tricia L.
Anthony Atamanuik,Donald Trump
Anthony Atamanuik,Woody Allen
Anthony Atamanuik,Chief Inspector Yoplait
Anthony Atamanuik,Ringo Starr
Anthony Atamanuik,George Burns
Anthony Atamanuik,Dame Doody Stench
Brendon Walsh,Flavio the Greek
Brendon Walsh,Rene Faberge
Adal Rifai,Chunt
Matt Young,Usidore the Blue
Dave Ferguson,The Wacky Ding Dongs
Dave Ferguson,The Monugents
Johnny Pemberton,Dicker Troy
Londale Theus Jr.,Reggie Tote
Londale Theus Jr.,Reverend T.P. Stain
Chris Tallman,Leslie Schecter
Chris Tallman,Mark Van Driel
Chris Tallman,Nick Nolte
Brent Weinbach,Anthony Rivera
Brent Weinbach,Bebe Dubbs
Craig Cackowski,Colonel Tick-Tock
Craig Cackowski,Mikhail Titscoffski
Shannon O'Neill,Renalda
James Bladon,Sir Alec Guinness
Danielle Schneider,Irena Stinchen
Danielle Schneider,Shauna
Danielle Schneider,Denise Funt
Danielle Schneider,Rhonda DeLuce
Mookie Blaiklock,Michael Crappaport
Mookie Blaiklock,Michael Jackson's Ghost
Mookie Blaiklock,Officer Jay Gutwill
Mookie Blaiklock,Vin Diesel
Pamela Murphy,Nancy Cooper
Pamela Murphy,Karen Porter
Pamela Murphy,Lisa Bastin
Pamela Murphy,Bridgette Murphy
Pamela Murphy,Jewel's
Pamela Murphy,Cutie Cake
Pamela Murphy,Devil of Cuteness
Stephanie Allynne,Pam John
Stephanie Allynne,Hannah Harpie
Stephanie Allynne,Dorothea Shirley
Stephanie Allynne,Shrub Flagen
Dannah Phirman,Alli
Dannah Phirman,Leona Carpeze
Rich Sommer,Ghost of Harry Crane
Hayley Huntley,Hayley Shields
Harris Wittels,Jack Sjunior
Harris Wittels,Rod Ogg
Harris Wittels,Brennis Dentmintsontinmen
Harris Wittels,Clark Griswold
Harris Wittels,Vince
Harris Wittels,Steven Spielberg
Miriam Tolan,Susan Brooks
Molly Bretthauer,Dykula
Molly Bretthauer,Meredith Coldwell
Molly Bretthauer,Miss D.
Ken Marino,Mark Orlando
Beth Dover,Saman Thughgh
Mark McConville,Trevor
Jeremy Carter,Bryson Tyson
Melissa Rauch,Danielle Bartiromo
Melissa Rauch,Katie Wong
Eddie Pepitone,Derrick the Diner Marshall
Eddie Pepitone,Bob
Eddie Pepitone,Al
Eddie Pepitone,Eddie Floatley
Eddie Pepitone,Howard Amethyst
Tymberlee Hill,Phe Phe
Jenny Slate,Pretty Liz
Neil Casey,Pammy & Earl Bixby
Marc Evan Jackson,Harry Houdini
Mark Gagliardi,Croach the Tracker
Will Ferrell,Eric Jonrosh
Eva Anderson,Hauntettes
Matt Kowalick,The Wacky Ding Dongs (character)
Tom Lennon,Lil' Gary
Tom Lennon,Chris Mindy
Simon Pegg,Sir Michael Caine
Simon Pegg,Sir Sean Connery
Nick Frost,Sir Sean Connery
Nick Frost,Sir Michael Caine
Brandon Johnson,Tik Tok
Michaela Watkins,Dr. Sherri Levine
Amy Phillips,Sarah Silverman
Amy Phillips,Liza Minelli
Amy Phillips,Gwyneth Paltrow
Amy Phillips,Jennifer Tilly
Jordan Peele,Jermaine Jones
Jordan Peele,Vandaveon and Mike
Keegan-Michael Key,Vandaveon and Mike
Deanna Russo,Tamara G
Kyle Dunnigan,Craig Pullin
Kyle Dunnigan,Del LaRue
Ed Helms,Dale
Jackie Clarke,Len & Pam Bicell
Jackie Clarke,Claire Woodruff
Jamie Denbo,Ronna & Beverly
Jessica Chaffin,Ronna & Beverly
Chad Carter,Sam Darling
Jerry Minor,Cyberthug
David Koechner,"Jerald ""T-Bones"" Tibbons"
Paul Gilmartin,Richard Martin
James Pumphrey,Damian Vast
Ian Roberts,Boris Darchinian
Drew Droege,Maya Angelou
Hal Rudnick,Stan Lee
Chip Pope,R.O. Manse
Pat Francis,Paul Stanley
Mike Toomey,Kirk Rocker
Jason Nash,The Shaman
